Workbook
Name p: BayesRule!$D$8:$E$8
Name p_p: BayesRule!$D$8:$E$8
Name q: BayesRule!$D$9:$E$9
Name q_p: BayesRule!$D$9:$E$9
Name r_p: BayesRule!$D$10:$E$10

Sheet Instructions
B2: Excel Tools for Decision Analysis

Sheet BayesRule
D1: Bayes Rule for Binary Variables.
C3: Inputs | G3: Forward Direction | P3: Reversed Direction
B7: Input the probabilities for the forward tree in the colored cells. The values will be normalized to one. | H7: Prior | J7: Likelihood | M7: Terminals | Q7: Marginals | U7: Posteriors
B8: Condition, P( C) | C8: ="p=" -> p= | D8: 5 | E8: 4
B9: Test, P(T | C) | C9: ="q=" -> q= | D9: 7 | E9: 5
B10: Test, P( T | C') | C10: ="r=" -> r= | D10: 2 | E10: 11
G12: Formula | J12: T | K12: T' | M12: T | N12: T' | P12: Formula | R12: T | S12: T'
G13: C | H13: p | I13: C | J13: q | K13: 1-q | L13: C | M13: pq | N13: p(1-q) | R13: pq +(1-p)r | S13: p(1-q)+(1-p)(1-r) | U13: pq/P{T) | V13: p(1-q)/P(T')
G14: C' | H14: 1-p | I14: C' | J14: r | K14: 1-r | L14: C' | M14: (1-p)r | N14: (1-p)(1-r) | U14: (1-p)r/P(T) | V14: (1-p)(1-r) /P(T')
G16: Probabiities | P16: Probabiities | R16: T | S16: T' | U16: T | V16: T'
G17: C | H17: {=TRANSPOSE(p_p/SUM(p_p))} -> 0.55555556 | I17: C | J17: {=q_p/SUM(q_p)} -> 0.58333333 | K17: 0.41666667 | L17: C | M17: {=_xlfn.HSTACK(_xlfn.ANCHORARRAY(H17),_xlfn.ANCHORARRAY(H17))*J17:K18} -> 0.32407407 | N17: 0.23148148 | R17: {=MMULT(TRANSPOSE(H17:H18),J17:K18)} -> 0.39245014 | S17: 0.60754986 | T17: C | U17: {=_xlfn.ANCHORARRAY(M17) /_xlfn.CHOOSEROWS(_xlfn.ANCHORARRAY(R17),_xlfn.SEQUENCE(2,1,1,0))} -> 0.82577132 | V17: 0.38100821
G18: C' | H18: 0.44444444 | I18: C' | J18: {=r_p/SUM(r_p)} -> 0.15384615 | K18: 0.84615385 | L18: C' | M18: 0.068376068 | N18: 0.37606838 | T18: C' | U18: 0.17422868 | V18: 0.61899179
M19: check sum? | N19: =SUM(_xlfn.ANCHORARRAY(M17)) -> 1
G20: Branch Labels | P20: Branch Labels
H21: ="P( C ) ="& ROUND(H17,3) -> P( C ) =0.556 | J21: ="P( T| C )= "& ROUND(J17,3) -> P( T| C )= 0.583 | R21: ="P( T ) ="& ROUND(R17,3) -> P( T ) =0.392 | U21: ="P( C| T )= "& ROUND(U17,3) -> P( C| T )= 0.826
H22: ="P( C' )= "& ROUND(H18,3) -> P( C' )= 0.444 | J22: ="P( T' | C )= "& ROUND(K17,3) -> P( T' | C )= 0.417 | R22: ="P( T' )= "& ROUND(S17,3) -> P( T' )= 0.608 | U22: ="P( C' | T ) = "& ROUND(U18,3) -> P( C' | T ) = 0.174
J23: ="P( T | C' ) = "& ROUND(J18,3) -> P( T | C' ) = 0.154 | U23: ="P( C | T' )= "& ROUND(V17,3) -> P( C | T' )= 0.381
J24: ="P( T' | C' ) = "& ROUND(K18,3) -> P( T' | C' ) = 0.846 | U24: ="P( C' | T' ) = "& ROUND(V18,3) -> P( C' | T' ) = 0.619

Sheet VOI
B1: Value of Complete Information
B3: Utilities | F3: Forward Tree, Decision before uncertainty | M3: Reversed Tree, Uncertainty before Decision
B4: DC | C4: 4 | F4: Value without information | M4: Value with information
B5: DC` | C5: 1
B6: D'C | C6: 1
B7: D'C' | C7: 14
B9: Uncertain Variable
B10: Prior Copied from "BayesRule"
B11: C | C11: {=BayesRule!H17:H18} -> 0.55555556
B12: C' | C12: 0.44444444
F14: Max Expected Utility | I14: Expected Utilities | M14: Expected Max Utilities | P14: Max Utililties
B15: VOI | I15: DC | J15: {=C4:C5*_xlfn.ANCHORARRAY(C11)} -> 2.2222222 | P15: DC | Q15: =C4 -> 4
B16: =N17-G17 -> 1.6666667 | I16: DC` | J16: 0.44444444 | P16: D'C | Q16: =C6 -> 1
F17: max E[U| D] | G17: =MAX(J17,J21) -> 6.7777778 | I17: E[U| D] | J17: =SUM(_xlfn.ANCHORARRAY(J15)) -> 2.6666667 | M17: E [max(D)] | N17: {=SUM((_xlfn.ANCHORARRAY(C11)*O17:O18))} -> 8.4444444 | O17: =Q17 -> 4 | P17: MAX(D | C) | Q17: =MAX(Q15:Q16) -> 4
O18: =Q21 -> 14
I19: D'C | J19: {=C6:C7*C11:C12} -> 0.55555556 | P19: DC' | Q19: =C5 -> 1
I20: D'C' | J20: 6.2222222 | P20: D'C' | Q20: =C7 -> 14
I21: E( U| D'] | J21: =SUM(_xlfn.ANCHORARRAY(J19)) -> 6.7777778 | P21: max(D' | C') | Q21: =MAX(Q19:Q20) -> 14

Sheet incomplete VOI
B1: Incomplete VOI for a test node
E3: Decision before test and condition, | L3: Flip for posterior on test, Test precedes Decision
E4: Value without information (same as complete VOI) | L4: Value with Test information
B5: Copied from the "Bayes" sheet | E5: Expected Value, Decision | H5: Expectation over Condition, P( C) | L5: Expectation over p( T ) | O5: Maximum over D | R5: Expectation over P ( C | T)
B7: Priors
A8: C | C8: {=TRANSPOSE(p_p/SUM(p_p))} -> 0.55555556
A9: C' | C9: 0.44444444
B12: Posteriors P{ C | T )
B13: T | C13: T'
A14: C | B14: =BayesRule!U17 -> 0.82577132 | C14: =BayesRule!V17 -> 0.38100821
A15: C' | B15: =BayesRule!U18 -> 0.17422868 | C15: =BayesRule!V18 -> 0.61899179 | S15: {=C21:C22*B14:B15} -> 3.3030853
S16: 0.17422868
B17: Marginals P( T) | O17: max E[ U| T ] | P17: =MAX(S17,S21) -> 3.477314 | R17: E [U | D T] | S17: =SUM(_xlfn.ANCHORARRAY(S15)) -> 3.477314
B18: =BayesRule!R17 -> 0.39245014 | C18: =BayesRule!S17 -> 0.60754986 | E18: Max E[U] | F18: =MAX(I20,I24) -> 6.7777778 | I18: {=_xlfn.ANCHORARRAY(C8)*C21:C22} -> 2.2222222 | L18: E[U] | M18: =P17*B18+P26*C18 -> 6.8611111
I19: 0.44444444 | S19: {=B14:B15*C23:C24} -> 0.82577132
B20: Values, copied from "VOI" | H20: E[ U| D ] | I20: =SUM(_xlfn.ANCHORARRAY(I18)) -> 2.6666667 | S20: 2.4392015
B21: DC | C21: =VOI!C4 -> 4 | R21: E [U | D' T] | S21: =SUM(_xlfn.ANCHORARRAY(S19)) -> 3.2649728
B22: DC` | C22: =VOI!C5 -> 1 | I22: {=_xlfn.ANCHORARRAY(C8)*C23:C24} -> 0.55555556
B23: D'C | C23: =VOI!C6 -> 1 | I23: 6.2222222
B24: D'C' | C24: =VOI!C7 -> 14 | H24: E[ U| D' ] | I24: =SUM(_xlfn.ANCHORARRAY(I22)) -> 6.7777778 | S24: {=C21:C22*C14:C15} -> 1.5240328
S25: 0.61899179
O26: max E [U | T'] | P26: =MAX(S26,S30) -> 9.0468933 | R26: E [U | D T'] | S26: =SUM(_xlfn.ANCHORARRAY(S24)) -> 2.1430246
B27: Value of Partial Information:
B28: EVPI | C28: =M18-F18 -> 0.083333333 | S28: {=C23:C24*C14:C15} -> 0.38100821
S29: 8.6658851
R30: E [U | D' T'] | S30: =SUM(_xlfn.ANCHORARRAY(S28)) -> 9.0468933
