Workbook
Name a_2: Inputs!$C$20
Name a_3: Inputs!$C$21
Name a_4: Inputs!$C$22
Name a_5: Inputs!$C$23
Name a_6: Inputs!$C$24
Name B_late: Inputs!$C$16
Name B_nr: Inputs!$C$13
Name B_rf: Inputs!$C$14
Name f_k: Inputs!$C$15
Name P_cum: Inputs!$C$25
Name P_k: Inputs!$C$26
Name q_k: Inputs!$C$17
Name r_k: Inputs!$C$18
Name rf_avail: Inputs!$C$31
Name rho: Inputs!$C$29
Name v_k: Inputs!$C$27

Sheet README
B2: "Book Now or Wait?" - Decision model
B3: MS&E 152 Decision Analysis | Model Lead: Eugenio | v2, Tue 28 Jul 2026 | Cost inputs from Dias's Bundle Schedule v2 SOURCED (27 Jul)
B5: What this file is
C6: The generic round-k subtree of Part A - book non-refundable now, book refundable at a premium, or wait - instantiated and solved for the FINAL, the clean case with one venue and nothing downstream. This is the 29 Jul draft deliverable. The structure is built once; every later stage reuses it unchanged.
B8: How the numbers get in
C9: Dias's A.3 table is pasted verbatim on the Dias_A3_Inputs tab. The Inputs tab picks one team-and-round with two selector cells and pulls B_nr, B_rf, f_k, B_late, q_k and r_k from that tab by lookup. Nothing is retyped. When Dias issues v3, replace that one tab and the whole model follows.
C10: Benjamin's inputs - P_k, v_k and rho - are still outstanding as of 28 Jul and remain PLACEHOLDERS, marked in yellow on the Inputs tab. They are the only cells a reader should treat as unsourced.
B12: Four structural decisions taken from Dias's open questions
C13: Q7 - PRUNE THE REFUNDABLE ARM AT DALLAS NODES. Adopted. At a Dallas match the bundle is a bare ticket, and a ticket has no flexible version, so B_rf = B_nr exactly. That is the arm being unavailable, not dominated. The model tests B_rf > B_nr and removes the arm from the comparison when it fails, so the roll-back can never recommend a strategy the fan cannot buy. Validation test 5 proves the pruning binds.
C14: Q2 - r VARIES BY STAGE. Adopted, as r_k. A.3 lists one r, but recovery depends on bundle composition: a Dallas ticket recovers 73.9% while an away Final loaded with prepaid hotel recovers 47.7%. Averaging would delete the channel through which the Dallas assumption flips decisions. Dias's blended r of 0.425 is kept for a sensitivity run only. THIS IS A DEVIATION FROM A.3 AND NEEDS GROUP SIGN-OFF BEFORE 2 AUG.
C15: Q1 - f_k IS NOT ZERO. Adopted. The proposal assumes f_k is approximately zero, but cancelling a refundable bundle still strands the ticket, and the fee structure fixes f_k at 30% of face. Holding f_k at zero would hand the refundable branch an unearned advantage in exactly the place the risk-aversion run looks.
C16: Q3 - THE GROUP-STAGE NODE IS DEGENERATE. Agreed with Dias. At k = 1 the team is already in, so P = 1 and A.6's own degenerate check collapses the choice to the cheapest bundle; there is also no v_1 in A.3 to score it. Recommend the live analysis start at the R32 and the group stage be reported as degenerate.
B18: Colour legend
C19: Blue on yellow = hard input still to be supplied. Green = link to another tab in this file. Black = formula, do not overtype. Orange = a structural flag the reader should notice.
B21: Tabs
C22: Dias_A3_Inputs - verbatim snapshot of Dias's twelve team-stage rows, plus a lookup key.
C23: Inputs - the A.3 symbol table for the selected stage, with owner and freeze date.
C24: Final - the round-k subtree laid out node by node, rolled back, with the optimal decision.
C25: Validation - the A.6 checklist: hand-calculation cross-check plus five structural tests.
B27: Still to do after the draft
C28: 1) Benjamin's P_k, v_k and rho, then re-run the hand calculation once and re-enter the three reference figures on the Validation tab. 2) Group sign-off on r_k per stage. 3) 3-5 Aug: chain the six stages, run both scenarios, produce the optimal policy table.

Sheet A3_Inputs
A1: A.3 deliverable - verbatim snapshot
A2: Copied from MS_E_152_Bundle_Schedule.xlsx, tab A3_Inputs, v2 SOURCED, 27 Jul 2026. Do not edit by hand - replace the whole block when Dias issues a new version. Sourcing status, citations and caveats live in that file's Source_Log and Open_Questions tabs and are not duplicated here.
A4: Team | B4: k | C4: Stage | D4: Venue city | E4: B_nr | F4: B_rf | G4: f_k | H4: B_late | I4: q_k | J4: r_k | K4: Lookup key
A5: Spain | B5: 1 | C5: Group stage | D5: Atlanta | E5: 1062.165 | F5: 1235.596 | G5: 50.25 | H5: 1139.215 | I5: 0.05 | J5: 0.37694238 | K5: =A5&"|"&B5
A6: Spain | B6: 2 | C6: Round of 32 | D6: Los Angeles | E6: 1413.325 | F6: 1635.98 | G6: 56.25 | H6: 1521.1375 | I6: 0.12 | J6: 0.29531424 | K6: =A6&"|"&B6
A7: Spain | B7: 3 | C7: Round of 16 | D7: Dallas | E7: 316.25 | F7: 316.25 | G7: 82.5 | H7: 537.625 | I7: 0.1 | J7: 0.73913043 | K7: =A7&"|"&B7
A8: Spain | B8: 4 | C8: Quarter-final | D8: Los Angeles | E8: 1893.45 | F8: 2116.105 | G8: 181.5 | H8: 2589.2 | I8: 0.22 | J8: 0.40785339 | K8: =A8&"|"&B8
A9: Spain | B9: 5 | C9: Semi-final | D9: Dallas | E9: 793.5 | F9: 793.5 | G9: 207 | H9: 1983.75 | I9: 0.2 | J9: 0.73913043 | K9: =A9&"|"&B9
A10: Spain | B10: 6 | C10: Final | D10: New York NJ | E10: 5511.01 | F10: 5899.3865 | G10: 837 | H10: 13788.94 | I10: 0.45 | J10: 0.47713577 | K10: =A10&"|"&B10
A11: Norway | B11: 1 | C11: Group stage | D11: Boston | E11: 1844.865 | F11: 2135.701 | G11: 50.25 | H11: 1921.915 | I11: 0.05 | J11: 0.2170213 | K11: =A11&"|"&B11
A12: Norway | B12: 2 | C12: Round of 32 | D12: Dallas | E12: 215.625 | F12: 215.625 | G12: 56.25 | H12: 323.4375 | I12: 0.08 | J12: 0.73913043 | K12: =A12&"|"&B12
A13: Norway | B13: 3 | C13: Round of 16 | D13: New York NJ | E13: 1994.59 | F13: 2289.341 | G13: 82.5 | H13: 2215.965 | I13: 0.2 | J13: 0.2465419 | K13: =A13&"|"&B13
A14: Norway | B14: 4 | C14: Quarter-final | D14: Miami | E14: 1881.81 | F14: 2102.719 | G14: 181.5 | H14: 2577.56 | I14: 0.25 | J14: 0.41037618 | K14: =A14&"|"&B14
A15: Norway | B15: 5 | C15: Semi-final | D15: Atlanta | E15: 1885.04 | F15: 2091.771 | G15: 207 | H15: 3075.29 | I15: 0.3 | J15: 0.4480011 | K15: =A15&"|"&B15
A16: Norway | B16: 6 | C16: Final | D16: New York NJ | E16: 5511.01 | F16: 5899.3865 | G16: 837 | H16: 13788.94 | I16: 0.45 | J16: 0.47713577 | K16: =A16&"|"&B16
A18: Orange rows are Dallas matches: no flight, no hotel, so B_rf = B_nr and the refundable arm is unavailable.

Sheet Inputs
A1: Inputs - A.3 symbol table for the selected stage
A4: STAGE SELECTOR
A5: Team | C5: Spain
A6: Round k | C6: 6
A7: Matched row | C7: =MATCH($C$5&"|"&$C$6,A3_Inputs!$K$5:$K$16,0)
A8: Stage | C8: =INDEX(A3_Inputs!$C$5:$C$16,$C$7)
A9: Venue city | C9: =INDEX(A3_Inputs!$D$5:$D$16,$C$7)
A11: A.3 symbol | B11: Excel name | C11: Value | D11: Unit | E11: Owner | F11: Freeze | G11: Meaning / status
A12: Cost and availability inputs
A13: B_k^nr | B13: B_nr | C13: =INDEX(A3_Inputs!$E$5:$E$16,$C$7) | D13: USD | E13: Dias | F13: 2 Aug | G13: Non-refundable bundle at the round-k decision point, Dallas origin. Built from airfare + hotel nightly x nights + ticket face x 1.15.
A14: B_k^rf | B14: B_rf | C14: =INDEX(A3_Inputs!$F$5:$F$16,$C$7) | D14: USD | E14: Dias | F14: 2 Aug | G14: Refundable/flexible bundle. Premium applies to flight and hotel only - the ticket cannot be made flexible. Refundable premiums are NOT SOURCED and must be run as a band, not a point estimate.
A15: f_k | B15: f_k | C15: =INDEX(A3_Inputs!$G$5:$G$16,$C$7) | D15: USD | E15: Dias | F15: 2 Aug | G15: Cancellation fee. NOT approximately zero as the proposal assumed: it equals the 30% round-trip resale fee drag on the stranded ticket (Dias Q1).
A16: B_k^late | B16: B_late | C16: =INDEX(A3_Inputs!$H$5:$H$16,$C$7) | D16: USD | E16: Dias | F16: 2 Aug | G16: Late-booking bundle once qualification is confirmed. Both travel late-multipliers are 1.00 on sourced evidence, so the entire late penalty is ticket resale (Dias Q0).
A17: q_k | B17: q_k | C17: =INDEX(A3_Inputs!$I$5:$I$16,$C$7) | D17: prob | E17: Dias | F17: 2 Aug | G17: Probability no acceptable option remains if the fan waits. A judgement call, not a sourced figure - Hamilton should receive a low/base/high band (Dias Q6).
A18: r | B18: r_k | C18: =INDEX(A3_Inputs!$J$5:$J$16,$C$7) | D18: frac | E18: Dias | F18: 2 Aug | G18: Recovery fraction on a stranded non-refundable bundle. DEVIATION FROM A.3: modelled per stage, not as one number, because recovery depends on bundle composition (Dias Q2). Blended r = 0.425 is a sensitivity case only.
A19: Probability and value inputs
A20: a_2 | B20: a_2 | C20: 0.8 | D20: prob | E20: Benjamin | F20: 2 Aug | G20: PLACEHOLDER - advances from group stage to R32.
A21: a_3 | B21: a_3 | C21: 0.7 | D21: prob | E21: Benjamin | F21: 2 Aug | G21: PLACEHOLDER - advances from R32 to R16.
A22: a_4 | B22: a_4 | C22: 0.65 | D22: prob | E22: Benjamin | F22: 2 Aug | G22: PLACEHOLDER - advances from R16 to quarter-final.
A23: a_5 | B23: a_5 | C23: 0.55 | D23: prob | E23: Benjamin | F23: 2 Aug | G23: PLACEHOLDER - advances from quarter-final to semi-final.
A24: a_6 | B24: a_6 | C24: 0.6 | D24: prob | E24: Benjamin | F24: 2 Aug | G24: PLACEHOLDER - advances from semi-final to the Final.
A25: P_k cumulative | B25: P_cum | C25: =PRODUCT(C20:C24) | D25: prob | E25: Benjamin | F25: 2 Aug | G25: Formula, not an entry: the product of the a_k along the path, as A.3 defines it. This is the figure the chained tree will use from the group-stage node.
A26: P_k used here | B26: P_k | C26: =C24 | D26: prob | E26: Benjamin | F26: 2 Aug | G26: The standalone Final subtree is solved from the decision point immediately before it, where the fan has already reached the semi-final, so the relevant probability is a_6 alone. Change to =P_cum only if the group agrees the subtree should be scored from the tournament start.
A27: v_k | B27: v_k | C27: 12000 | D27: USD | E27: Benjamin | F27: 2 Aug | G27: PLACEHOLDER - willingness to pay to be in the stadium for the Final. Set above the $10,000 lowest official resale listing, since a fan who would not pay that would simply not go. Benjamin's elicited figure replaces this.
A28: Risk attitude
A29: rho | B29: rho | C29: 2500 | D29: USD | E29: Benjamin | F29: 8 Aug | G29: PLACEHOLDER - risk tolerance for the exponential-utility run. The base case is expected monetary value.
A30: Structural flag - derived
A31: (structural) | B31: rf_avail | C31: =IF(B_rf>B_nr,"YES","NO") | D31: flag | E31: Model | F31: - | G31: Is a refundable option actually purchasable at this venue? NO at Dallas matches, where the bundle is a bare ticket. When NO, the refundable arm is pruned from the comparison rather than allowed to win (Dias Q7).

Sheet Final
A1: Round k = FINAL - stage template instantiated and solved
A4: ="Selected stage: "&Inputs!$C$5&" - "&Inputs!$C$8&" - "&Inputs!$C$9&" | Refundable option purchasable here: "&rf_avail
A6: Branch 1 - BOOK NON-REFUNDABLE (pay B_nr today)
A7: Outcome | B7: Probability | C7: Payoff ($) | D7: Prob x Payoff
A8: Team reaches the Final | B8: =P_k | C8: =v_k-B_nr | D8: =B8*C8
A9: Team eliminated - bundle stranded | B9: =1-P_k | C9: =-(1-r_k)*B_nr | D9: =B9*C9
A10: EV (non-refundable) | D10: =SUM(D8:D9)
A12: Branch 2 - BOOK REFUNDABLE (pay B_rf = B_nr + premium)
A13: Outcome | B13: Probability | C13: Payoff ($) | D13: Prob x Payoff
A14: Team reaches the Final | B14: =P_k | C14: =v_k-B_rf | D14: =B14*C14
A15: Team eliminated - cancel, pay f_k | B15: =1-P_k | C15: =-f_k | D15: =B15*C15
A16: EV (refundable) | D16: =IF(rf_avail="YES",SUM(D14:D15),"")
A17: =IF(rf_avail="YES","","ARM PRUNED - this venue sells a bare ticket, which has no flexible version, so the refundable branch is not purchasable (Dias Q7). It is excluded from the roll-back below.")
A19: Branch 3 - WAIT (inner chance node S_k: availability, conditional on reaching the Final)
A20: Outcome | B20: Probability | C20: Payoff ($) | D20: Prob x Payoff
A21: An acceptable option remains | B21: =1-q_k | C21: =v_k-B_late | D21: =B21*C21
A22: Sold out - the fan misses the match | B22: =q_k | C22: 0 | D22: =B22*C22
A23: EV of node S_k (conditional on reaching) | D23: =SUM(D21:D22)
A25: Outcome | B25: Probability | C25: Payoff ($) | D25: Prob x Payoff
A26: Team reaches the Final -> node S_k | B26: =P_k | C26: =D23 | D26: =B26*C26
A27: Team eliminated - no money committed | B27: =1-P_k | C27: 0 | D27: =B27*C27
A28: EV (wait) | D28: =SUM(D26:D27)
A30: Roll-back - the round-k decision
A31: Alternative | B31: BOOK NON-REFUNDABLE | C31: BOOK REFUNDABLE | D31: WAIT | E31: STAY HOME
A32: Expected net value | B32: =D10 | C32: =D16 | D32: =D28 | E32: 0
A33: Best expected net value | B33: =MAX(B32:E32)
A34: OPTIMAL DECISION | B34: =INDEX($B$31:$E$31,MATCH(MAX(B32:E32),B32:E32,0))
A35: Value of the best arm over the runner-up | B35: =MAX(B32:E32)-LARGE(B32:E32,2)
A36: Stay home = no booking, no trip, $0. It is the baseline every alternative must beat, and it is included in the roll-back above so the model can never recommend a booking whose expected net value is negative. (Added 29 Jul; the previous MAX ranged over B32:D32 only.)
A39: Sensitivity - exponential utility u(x) = 1 - e^(-x/rho) [NOT the base case]
A40: Alternative | B40: Expected utility | C40: Certain equivalent ($)
A41: BOOK NON-REFUNDABLE | B41: =B8*(1-EXP(-C8/rho))+B9*(1-EXP(-C9/rho)) | C41: =IF(ISNUMBER(B41),IFERROR(-rho*LN(1-B41),"n/a"),"")
A42: BOOK REFUNDABLE | B42: =IF(rf_avail="YES",B14*(1-EXP(-C14/rho))+B15*(1-EXP(-C15/rho)),"") | C42: =IF(ISNUMBER(B42),IFERROR(-rho*LN(1-B42),"n/a"),"")
A43: WAIT | B43: =P_k*(1-q_k)*(1-EXP(-(v_k-B_late)/rho)) | C43: =IF(ISNUMBER(B43),IFERROR(-rho*LN(1-B43),"n/a"),"")
A44: STAY HOME | B44: 0 | C44: 0
A45: DECISION under risk aversion | B45: =INDEX($A$41:$A$44,MATCH(MAX(B41:B44),B41:B44,0))

Sheet Validation
A1: A.6 validation checklist
A4: A.6 check 1 - the spreadsheet roll-back reproduces the hand calculation to the cent
A5: Branch | B5: By hand | C5: Model (Final tab) | D5: Difference | E5: Result
A6: EV (non-refundable) | B6: 2740.79 | C6: =Final!D10 | D6: =ROUND(C6,2)-B6 | E6: =IF(ABS(D6)<0.005,"PASS","FAIL")
A7: EV (refundable) | B7: 3325.57 | C7: =Final!D16 | D7: =ROUND(C7,2)-B7 | E7: =IF(ABS(D7)<0.005,"PASS","FAIL")
A8: EV (wait) | B8: -590.35 | C8: =Final!D28 | D8: =ROUND(C8,2)-B8 | E8: =IF(ABS(D8)<0.005,"PASS","FAIL")
A12: A.6 check 2 - degenerate tests, plus one structural test
A13: Test | B13: P | C13: v | D13: B_nr | E13: B_rf | F13: B_late | G13: f | H13: r | I13: q | J13: EV(nr) | K13: EV(rf) | L13: EV(wait) | M13: Winner | N13: Pass criterion | O13: Result
A14: 1. P = 1 and q = 0 -> cheapest bundle wins | B14: 1 | C14: =v_k | D14: =B_nr | E14: =B_rf | F14: =B_late | G14: =f_k | H14: =r_k | I14: 0 | J14: =B14*(C14-D14)-(1-B14)*(1-H14)*D14 | K14: =IF(E14>D14,B14*(C14-E14)-(1-B14)*G14,"pruned") | L14: =B14*(1-I14)*(C14-F14) | M14: =INDEX($J$13:$L$13,MATCH(MAX(J14:L14),J14:L14,0)) | N14: The winning branch must be the one with the lowest bundle price | O14: =IF(MATCH(MAX(J14:L14),J14:L14,0)=MATCH(MIN(D14:F14),D14:F14,0),"PASS","FAIL")
A15: 2. v = 0 -> do not book | B15: =P_k | C15: 0 | D15: =B_nr | E15: =B_rf | F15: =B_late | G15: =f_k | H15: =r_k | I15: =q_k | J15: =B15*(C15-D15)-(1-B15)*(1-H15)*D15 | K15: =IF(E15>D15,B15*(C15-E15)-(1-B15)*G15,"pruned") | L15: =B15*(1-I15)*(C15-F15) | M15: =INDEX($J$13:$L$13,MATCH(MAX(J15:L15),J15:L15,0)) | N15: No alternative may beat the zero of not booking | O15: =IF(MAX(J15:L15)<=0.0000001,"PASS","FAIL")
A16: 3. r = 1 -> non-refundable dominates refundable | B16: =P_k | C16: =v_k | D16: =B_nr | E16: =B_rf | F16: =B_late | G16: =f_k | H16: 1 | I16: =q_k | J16: =B16*(C16-D16)-(1-B16)*(1-H16)*D16 | K16: =IF(E16>D16,B16*(C16-E16)-(1-B16)*G16,"pruned") | L16: =B16*(1-I16)*(C16-F16) | M16: =INDEX($J$13:$L$13,MATCH(MAX(J16:L16),J16:L16,0)) | N16: EV(nr) must be at least EV(rf) | O16: =IF(J16>=K16-0.0000001,"PASS","FAIL")
A17: 4. q = 0 and B_late = B_nr -> waiting dominates | B17: =P_k | C17: =v_k | D17: =B_nr | E17: =B_rf | F17: =B_nr | G17: =f_k | H17: =r_k | I17: 0 | J17: =B17*(C17-D17)-(1-B17)*(1-H17)*D17 | K17: =IF(E17>D17,B17*(C17-E17)-(1-B17)*G17,"pruned") | L17: =B17*(1-I17)*(C17-F17) | M17: =INDEX($J$13:$L$13,MATCH(MAX(J17:L17),J17:L17,0)) | N17: EV(wait) must be at least the other two | O17: =IF(AND(L17>=J17-0.0000001,L17>=K17-0.0000001),"PASS","FAIL")
A18: 5. B_rf = B_nr (Dallas) -> refundable arm pruned | B18: =P_k | C18: =v_k | D18: =B_nr | E18: =B_nr | F18: =B_late | G18: =f_k | H18: =r_k | I18: =q_k | J18: =B18*(C18-D18)-(1-B18)*(1-H18)*D18 | K18: =IF(E18>D18,B18*(C18-E18)-(1-B18)*G18,"pruned") | L18: =B18*(1-I18)*(C18-F18) | M18: =INDEX($J$13:$L$13,MATCH(MAX(J18:L18),J18:L18,0)) | N18: The arm is unavailable, so it must not be selected even though it scores highest unpruned (Dias Q7) | O18: =IF(M18<>"EV(rf)","PASS","FAIL")
A20: OVERALL CHECKLIST RESULT | B20: =IF(AND(COUNTIF(E6:E8,"PASS")=3,COUNTIF(O14:O18,"PASS")=5),"PASS","FAIL")
A22: A.6 check 3 - cell naming | B22: Met. Every A.3 input is an Excel defined name (see column B of the Inputs tab) and every formula uses it. Dias's figures arrive by lookup, so no number is ever retyped. Two names differ from the A.3 glyphs because Excel forbids superscripts and reserves the single letter r: B_k^nr is B_nr, and r is r_k.
A24: A.6 check 4 - Benjamin's elicitation | B24: Outstanding, and independent of the model. Hamilton runs the session 30 Jul - 1 Aug, before Benjamin sees any output from this file.
A26: Check 9 - the stay-home arm is in the roll-back
A27: The roll-back on the Final sheet must range over four alternatives, not three, so that a negative-EV booking can never be selected.
A28: Best EV must be >= 0 at every set of inputs: | C28: =Final!B33 | E28: =IF(Final!B33>=-0.005,"PASS","FAIL")
A29: Stay home must be reachable as the answer - set v_k = 0 and the optimal decision must read STAY HOME:
A30: (manual test - set v_k to 0 on the Inputs sheet, confirm cell Final!B34 reads STAY HOME, then undo)
A31: Added 29 Jul 2026. Previously Final!B33 was =MAX(B32:D32), which omitted the do-nothing alternative required by A.6.
